0;58.50;32.75;34.00;51.74;63.32;0;0;0;0;0
1;58.50;32.75;34.00;51.74;63.32;0;0;0;0;0
2;58.50;32.75;34.00;51.74;63.32;0;0;0;0;0
3;58.50;32.75;34.00;51.74;63.32;0;0;0;0;0
4;58.50;32.75;34.00;51.74;63.32;0;0;0;0;0
5;59.25;33.00;34.25;52.17;63.64;0;0;0;0;0
6;59.25;33.00;34.25;52.17;63.64;0;0;0;0;0
7;59.25;33.00;34.25;52.17;63.64;0;0;0;0;0
8;59.25;33.00;34.25;52.17;63.64;0;0;0;0;0
9;59.25;33.00;34.25;52.17;63.64;0;0;0;0;0
10;59.00;33.25;33.75;52.36;64.39;0;0;0;0;0
11;59.00;33.25;33.75;52.36;64.39;0;0;0;0;0
12;59.00;33.25;33.75;52.36;64.39;0;0;0;0;0
13;59.00;33.25;33.75;52.36;64.39;0;0;0;0;0
14;59.00;33.25;33.75;52.36;64.39;0;0;0;0;0
15;59.50;33.00;34.50;52.67;64.84;0;0;0;0;0
16;59.50;33.00;34.50;52.67;64.84;0;0;0;0;0
17;59.50;33.00;34.50;52.67;64.84;0;0;0;0;0
18;59.50;33.00;34.50;52.67;64.84;0;0;0;0;0
20;59.50;33.00;34.50;52.67;64.84;0;0;0;0;0
21;59.50;33.00;34.50;52.67;64.84;0;0;0;0;0
22;60.00;33.75;34.50;53.34;64.89;0;0;0;0;0
23;60.00;33.75;34.50;53.34;64.89;0;0;0;0;0
24;60.00;33.75;34.50;53.34;64.89;0;0;0;0;0
25;60.00;33.75;34.50;53.34;64.89;0;0;0;0;0
26;60.00;33.75;34.50;53.34;64.89;0;0;0;0;0
27;60.25;33.50;34.50;53.68;65.48;0;0;0;0;0
28;60.25;33.50;34.50;53.68;65.48;0;0;0;0;0
29;60.25;33.50;34.50;53.68;65.48;0;0;0;0;0
30;60.25;33.50;34.50;53.68;65.48;0;0;0;0;0
31;60.25;33.50;34.50;53.68;65.48;0;0;0;0;0
32;61.75;33.75;35.25;54.18;65.82;1;3;0;0;0
33;61.75;33.75;35.25;54.18;65.82;1;3;0;0;0
34;61.75;33.75;35.25;54.18;65.82;1;3;0;0;0
35;61.75;33.75;35.25;54.18;65.82;1;3;0;0;0
36;61.75;33.75;35.25;54.18;65.82;1;3;0;0;0
37;61.25;34.00;35.25;54.29;66.00;1;3;0;0;0
38;61.25;34.00;35.25;54.29;66.00;1;3;0;0;0
39;61.25;34.00;35.25;54.29;66.00;1;3;0;0;0
40;61.25;34.00;35.25;54.29;66.00;1;3;0;0;0
41;61.25;34.00;35.25;54.29;66.00;1;3;0;0;0
42;61.25;34.00;35.25;54.29;66.00;2;5;0;0;0
43;62.25;34.00;35.00;54.91;66.43;2;5;0;0;0
44;62.25;34.00;35.00;54.91;66.43;2;5;0;0;0
45;62.25;34.00;35.00;54.91;66.43;2;5;0;0;0
46;62.25;34.00;35.00;54.91;66.43;2;5;0;0;0
47;62.25;34.00;35.00;54.91;66.43;2;5;0;0;0
48;62.25;34.25;35.50;55.00;66.55;2;5;0;0;0
49;62.25;34.25;35.50;55.00;66.55;2;5;0;0;0
50;62.25;34.25;35.50;55.00;66.55;2;5;0;0;0
51;62.25;34.25;35.50;55.00;66.55;3;8;0;0;0
52;62.25;34.25;35.50;55.00;66.55;3;8;0;0;0
53;63.25;34.50;36.00;55.41;67.02;3;8;0;0;0
54;63.25;34.50;36.00;55.41;67.02;3;8;0;0;0
55;63.25;34.50;36.00;55.41;67.02;3;8;0;0;0
56;63.25;34.50;36.00;55.41;67.02;3;8;0;0;0
57;63.25;34.50;36.00;55.41;67.02;3;8;0;0;0
58;63.25;34.50;36.75;55.37;67.16;3;8;0;0;0
59;63.25;34.50;36.75;55.37;67.16;3;8;0;0;0
60;63.25;34.50;36.75;55.37;67.16;3;8;0;0;0
61;63.25;34.50;36.75;55.37;67.16;4;10;0;0;0
62;63.25;34.50;36.75;55.37;67.16;4;10;0;0;0
63;63.25;35.00;36.75;56.05;67.76;4;10;3781;3607;4141
64;63.25;35.00;36.75;56.05;67.76;4;10;3781;3607;4141
65;63.25;35.00;36.75;56.05;67.76;4;10;3781;3607;4141
66;63.25;35.00;36.75;56.05;67.76;4;10;3781;3607;4141
67;63.25;35.00;36.75;56.05;67.76;4;10;3781;3607;4141
69;63.25;35.00;36.75;56.05;67.76;4;10;3781;3607;4141
70;64.25;34.25;36.50;55.94;67.54;4;10;5232;4766;5443
71;64.25;34.25;36.50;55.94;67.54;4;10;5232;4766;5443
72;64.25;34.25;36.50;55.94;67.54;5;13;5232;4766;5443
73;64.25;34.25;36.50;55.94;67.54;5;13;5232;4766;5443
74;64.25;34.25;36.50;55.94;67.54;5;13;5232;4766;5443
75;64.25;34.25;36.00;55.59;67.66;5;13;7573;7133;7448
76;64.25;34.25;36.00;55.59;67.66;5;13;7573;7133;7448
77;64.25;34.25;36.00;55.59;67.66;5;13;7573;7133;7448
78;64.25;34.25;36.00;55.59;67.66;5;13;7573;7133;7448
79;64.25;34.25;36.00;55.59;67.66;5;13;7573;7133;7448
80;64.25;34.00;36.50;55.51;67.06;5;13;7594;7180;7448
81;64.25;34.00;36.50;55.51;67.06;5;13;7594;7180;7448
82;64.25;34.00;36.50;55.51;67.06;6;15;7594;7180;7448
83;64.25;34.00;36.50;55.51;67.06;6;15;7594;7180;7448
84;64.25;34.00;36.50;55.51;67.06;6;15;7594;7180;7448
85;64.25;34.00;36.50;55.51;67.06;6;15;7594;7180;7448
86;64.00;33.50;36.00;54.98;66.70;6;15;9342;8256;8752
87;64.00;33.50;36.00;54.98;66.70;6;15;9342;8256;8752
88;64.00;33.50;36.00;54.98;66.70;6;15;9342;8256;8752
89;64.00;33.50;36.00;54.98;66.70;6;15;9342;8256;8752
90;64.00;33.50;36.00;54.98;66.70;6;15;9342;8256;8752
91;63.25;33.25;35.75;54.58;66.50;6;15;9375;8256;8752
92;63.25;33.25;35.75;54.58;66.50;7;18;9375;8256;8752
93;63.25;33.25;35.75;54.58;66.50;7;18;9375;8256;8752
94;63.25;33.25;35.75;54.58;66.50;7;18;9375;8256;8752
95;63.25;33.25;35.75;54.58;66.50;7;18;9375;8256;8752
96;62.75;33.00;35.75;54.23;66.13;7;18;11440;10485;10778
97;62.75;33.00;35.75;54.23;66.13;7;18;11440;10485;10778
98;62.75;33.00;35.75;54.23;66.13;7;18;11440;10485;10778
99;62.75;33.00;35.75;54.23;66.13;7;18;11440;10485;10778
100;62.75;33.00;35.75;54.23;66.13;7;18;11440;10485;10778
101;62.25;33.00;35.75;53.56;65.33;7;18;11440;10505;10756
102;62.25;33.00;35.75;53.56;65.33;8;21;11440;10505;10756
103;62.25;33.00;35.75;53.56;65.33;8;21;11440;10505;10756
104;62.25;33.00;35.75;53.56;65.33;8;21;11440;10505;10756
105;62.25;33.00;35.75;53.56;65.33;8;21;11440;10505;10756
106;62.25;32.75;34.75;52.95;64.88;8;21;12134;11250;11563
107;62.25;32.75;34.75;52.95;64.88;8;21;12134;11250;11563
108;62.25;32.75;34.75;52.95;64.88;8;21;12134;11250;11563
109;62.25;32.75;34.75;52.95;64.88;8;21;12134;11250;11563
110;62.25;32.75;34.75;52.95;64.88;8;21;12134;11250;11563
111;62.25;32.75;34.75;52.95;64.88;8;21;12134;11250;11563
112;62.00;32.75;35.50;52.95;64.69;9;23;12217;11368;11688
113;62.00;32.75;35.50;52.95;64.69;9;23;12217;11368;11688
114;62.00;32.75;35.50;52.95;64.69;9;23;12217;11368;11688
115;62.00;32.75;35.50;52.95;64.69;9;23;12217;11368;11688
116;62.00;32.75;35.50;52.95;64.69;9;23;12217;11368;11688
118;60.75;32.50;34.25;52.31;63.84;9;23;12735;12053;12442
119;60.75;32.50;34.25;52.31;63.84;9;23;12735;12053;12442
120;60.75;32.50;34.25;52.31;63.84;9;23;12735;12053;12442
121;60.75;32.50;34.25;52.31;63.84;9;23;12735;12053;12442
122;60.75;32.50;34.25;52.31;63.84;10;26;12735;12053;12442
123;60.00;32.50;34.50;51.73;63.74;10;26;13705;13670;13670
124;60.00;32.50;34.50;51.73;63.74;10;26;13705;13670;13670
125;60.00;32.50;34.50;51.73;63.74;10;26;13705;13670;13670
126;60.00;32.50;34.50;51.73;63.74;10;26;13705;13670;13670
127;60.00;32.50;34.50;51.73;63.74;10;26;13705;13670;13670
128;59.00;32.50;34.00;51.73;63.74;10;26;13705;13670;13670
129;59.00;32.50;34.00;51.06;62.72;10;26;13810;13881;13846
130;59.00;32.50;34.00;51.06;62.72;10;26;13810;13881;13846
131;59.00;32.50;34.00;51.06;62.72;10;26;13810;13881;13846
132;59.00;32.50;34.00;51.06;62.72;11;28;13810;13881;13846
133;59.00;32.50;34.00;51.06;62.72;11;28;13810;13881;13846
134;58.50;32.25;34.00;50.53;62.37;11;28;14173;14400;14248
135;58.50;32.25;34.00;50.53;62.37;11;28;14173;14400;14248
136;58.50;32.25;34.00;50.53;62.37;11;28;14173;14400;14248
137;58.50;32.25;34.00;50.53;62.37;11;28;14173;14400;14248
138;58.50;32.25;34.00;50.53;62.37;11;28;14173;14400;14248
139;58.00;32.00;33.75;50.12;61.82;11;28;14173;14400;14248
140;58.00;32.00;33.75;50.12;61.82;11;28;14173;14400;14248
141;58.00;32.00;33.75;50.12;61.82;11;28;14173;14400;14248
142;58.00;32.00;33.75;50.12;61.82;12;31;14173;14400;14248
143;58.00;32.00;33.75;50.12;61.82;12;31;14173;14400;14248
144;57.50;31.50;33.25;49.36;61.40;12;31;14477;14794;14594
145;57.50;31.50;33.25;49.36;61.40;12;31;14477;14794;14594
146;57.50;31.50;33.25;49.36;61.40;12;31;14477;14794;14594
147;57.50;31.50;33.25;49.36;61.40;12;31;14477;14794;14594
148;57.50;31.50;33.25;49.36;61.40;12;31;14477;14794;14594
149;56.50;31.75;33.25;48.97;60.87;12;31;14477;14754;14555
150;56.50;31.75;33.25;48.97;60.87;12;31;14477;14754;14555
151;56.50;31.75;33.25;48.97;60.87;12;31;14477;14754;14555
152;56.50;31.75;33.25;48.97;60.87;13;33;14477;14754;14555
153;56.50;31.75;33.25;48.97;60.87;13;33;14477;14754;14555
154;56.50;31.75;33.25;48.97;60.87;13;33;14477;14754;14555
155;56.00;31.50;33.25;48.43;60.12;13;33;14673;15083;14835
156;56.00;31.50;33.25;48.43;60.12;13;33;14673;15083;14835
157;56.00;31.50;33.25;48.43;60.12;13;33;14673;15083;14835
158;56.00;31.50;33.25;48.43;60.12;13;33;14673;15083;14835
159;56.00;31.50;33.25;48.43;60.12;13;33;14673;15083;14835
160;56.00;32.00;32.75;48.20;59.65;13;33;14713;15041;14835
161;56.00;32.00;32.75;48.20;59.65;13;33;14713;15041;14835
162;56.00;32.00;32.75;48.20;59.65;14;36;14713;15041;14835
163;56.00;32.00;32.75;48.20;59.65;14;36;14713;15041;14835
165;56.00;32.00;32.75;48.20;59.65;14;36;14713;15041;14835
166;54.75;31.25;32.50;47.84;59.48;14;36;15041;15472;15254
167;54.75;31.25;32.50;47.84;59.48;14;36;15041;15472;15254
168;54.75;31.25;32.50;47.84;59.48;14;36;15041;15472;15254
169;54.75;31.25;32.50;47.84;59.48;14;36;15041;15472;15254
170;54.75;31.25;32.50;47.84;59.48;14;36;15041;15472;15254
171;55.00;31.25;32.00;47.68;59.16;14;36;15083;15517;15254
172;55.00;31.25;32.00;47.68;59.16;14;36;15083;15517;15254
173;55.00;31.25;32.00;47.68;59.16;15;38;15083;15517;15254
174;55.00;31.25;32.00;47.68;59.16;15;38;15083;15517;15254
175;55.00;31.25;32.00;47.68;59.16;15;38;15083;15517;15254
176;55.00;31.25;32.00;47.68;59.16;15;38;15083;15517;15254
177;53.75;31.25;32.00;46.96;58.76;15;38;15211;15697;15428
178;53.75;31.25;32.00;46.96;58.76;15;38;15211;15697;15428
179;53.75;31.25;32.00;46.96;58.76;15;38;15211;15697;15428
180;53.75;31.25;32.00;46.96;58.76;15;38;15211;15697;15428
181;53.75;31.25;32.00;46.96;58.76;15;38;15211;15697;15428
182;53.50;30.75;31.75;46.89;58.13;16;41;15168;15697;15384
183;53.50;30.75;31.75;46.89;58.13;16;41;15168;15697;15384
184;53.50;30.75;31.75;46.89;58.13;16;41;15168;15697;15384
185;53.50;30.75;31.75;46.89;58.13;16;41;15168;15697;15384
186;53.50;30.75;31.75;46.89;58.13;16;41;15168;15697;15384
187;53.00;31.00;31.25;46.87;57.58;16;41;15340;15789;15561
188;53.00;31.00;31.25;46.87;57.58;16;41;15340;15789;15561
189;53.00;31.00;31.25;46.87;57.58;16;41;15340;15789;15561
190;53.00;31.00;31.25;46.87;57.58;16;41;15340;15789;15561
191;53.00;31.00;31.25;46.87;57.58;16;41;15340;15789;15561
192;53.25;30.50;31.00;46.20;57.25;17;44;15384;15882;15606
193;53.25;30.50;31.00;46.20;57.25;17;44;15384;15882;15606
194;53.25;30.50;31.00;46.20;57.25;17;44;15384;15882;15606
195;53.25;30.50;31.00;46.20;57.25;17;44;15384;15882;15606
196;53.25;30.50;31.00;46.20;57.25;17;44;15384;15882;15606
197;53.25;30.50;31.00;46.20;57.25;17;44;15384;15882;15606
198;52.50;30.75;31.25;46.06;57.26;17;44;15517;15976;15697
199;52.50;30.75;31.25;46.06;57.26;17;44;15517;15976;15697
200;52.50;30.75;31.25;46.06;57.26;17;44;15517;15976;15697
201;52.50;30.75;31.25;46.06;57.26;17;44;15517;15976;15697
202;52.50;30.75;31.25;46.06;57.26;18;46;15517;15976;15697
203;52.25;30.50;31.00;45.53;57.17;18;46;15517;16023;15743
204;52.25;30.50;31.00;45.53;57.17;18;46;15517;16023;15743
205;52.25;30.50;31.00;45.53;57.17;18;46;15517;16023;15743
206;52.25;30.50;31.00;45.53;57.17;18;46;15517;16023;15743
207;52.25;30.50;31.00;45.53;57.17;18;46;15517;16023;15743
208;51.75;30.25;30.75;45.37;56.67;18;46;15561;16023;15789
209;51.75;30.25;30.75;45.37;56.67;18;46;15561;16023;15789
210;51.75;30.25;30.75;45.37;56.67;18;46;15561;16023;15789
211;51.75;30.25;30.75;45.37;56.67;18;46;15561;16023;15789
212;51.75;30.25;30.75;45.37;56.67;19;49;15561;16023;15789
214;51.25;30.50;31.00;45.31;56.31;19;49;15561;16023;15835
215;51.25;30.50;31.00;45.31;56.31;19;49;15561;16023;15835
216;51.25;30.50;31.00;45.31;56.31;19;49;15561;16023;15835
217;51.25;30.50;31.00;45.31;56.31;19;49;15561;16023;15835
218;51.25;30.50;31.00;45.31;56.31;19;49;15561;16023;15835
219;51.00;30.25;30.75;45.22;56.32;19;49;15606;16071;15835
220;51.00;30.25;30.75;45.22;56.32;19;49;15606;16071;15835
221;51.00;30.25;30.75;45.22;56.32;19;49;15606;16071;15835
222;51.00;30.25;30.75;45.22;56.32;19;49;15606;16071;15835
223;51.00;30.25;30.75;45.22;56.32;20;51;15606;16071;15835
224;51.00;30.25;30.75;45.22;56.32;20;51;15606;16071;15835
225;50.50;30.25;30.50;44.79;56.05;20;51;15606;16071;15882
226;50.50;30.25;30.50;44.79;56.05;20;51;15606;16071;15882
227;50.50;30.25;30.50;44.79;56.05;20;51;15606;16071;15882
228;50.50;30.25;30.50;44.79;56.05;20;51;15606;16071;15882
229;50.50;30.25;30.50;44.79;56.05;20;51;15606;16071;15882
230;50.75;30.00;30.00;44.59;56.05;20;51;15606;16119;15882
231;50.75;30.00;30.00;44.59;56.05;20;51;15606;16119;15882
232;50.75;30.00;30.00;44.59;56.05;20;51;15606;16119;15882
233;50.75;30.00;30.00;44.59;56.05;21;54;15606;16119;15882
234;50.75;30.00;30.00;44.59;56.05;21;54;15606;16119;15882
235;50.75;29.75;30.00;44.41;55.78;21;54;15697;16167;15976
236;50.75;29.75;30.00;44.41;55.78;21;54;15697;16167;15976
237;50.75;29.75;30.00;44.41;55.78;21;54;15697;16167;15976
238;50.75;29.75;30.00;44.41;55.78;21;54;15697;16167;15976
239;50.75;29.75;30.00;44.41;55.78;21;54;15697;16167;15976
240;50.00;30.00;30.25;44.39;55.18;21;54;15697;16167;15976
241;50.00;30.00;30.25;44.39;55.18;21;54;15697;16167;15976
242;50.00;30.00;30.25;44.39;55.18;21;54;15697;16167;15976
243;50.00;30.00;30.25;44.39;55.18;22;56;15697;16167;15976
244;50.00;30.00;30.25;44.39;55.18;22;56;15697;16167;15976
245;50.00;30.00;30.25;44.39;55.18;22;56;15697;16167;15976
246;49.50;29.75;30.00;44.35;55.20;22;56;15697;16216;15976
247;49.50;29.75;30.00;44.35;55.20;22;56;15697;16216;15976
248;49.50;29.75;30.00;44.35;55.20;22;56;15697;16216;15976
249;49.50;29.75;30.00;44.35;55.20;22;56;15697;16216;15976
250;49.50;29.75;30.00;44.35;55.20;22;56;15697;16216;15976
251;50.25;29.75;30.00;44.22;55.17;22;56;15743;16216;15976
252;50.25;29.75;30.00;44.22;55.17;23;59;15743;16216;15976
253;50.25;29.75;30.00;44.22;55.17;23;59;15743;16216;15976
254;50.25;29.75;30.00;44.22;55.17;23;59;15743;16216;15976
255;50.25;29.75;30.00;44.22;55.17;23;59;15743;16216;15976
256;50.00;29.75;29.75;44.01;54.90;23;59;15743;16216;15976
257;50.00;29.75;29.75;44.01;54.90;23;59;15743;16216;15976
258;50.00;29.75;29.75;44.01;54.90;23;59;15743;16216;15976
259;50.00;29.75;29.75;44.01;54.90;23;59;15743;16216;15976
260;50.00;29.75;29.75;44.01;54.90;23;59;15743;16216;15976
262;49.75;29.75;30.00;44.21;54.71;23;59;15697;16216;16023
263;49.75;29.75;30.00;44.21;54.71;24;62;15697;16216;16023
264;49.75;29.75;30.00;44.21;54.71;24;62;15697;16216;16023
265;49.75;29.75;30.00;44.21;54.71;24;62;15697;16216;16023
266;49.75;29.75;30.00;44.21;54.71;24;62;15697;16216;16023
267;49.25;29.50;29.75;43.85;54.64;24;62;15789;16216;16023
268;49.25;29.50;29.75;43.85;54.64;24;62;15789;16216;16023
269;49.25;29.50;29.75;43.85;54.64;24;62;15789;16216;16023
270;49.25;29.50;29.75;43.85;54.64;24;62;15789;16216;16023
271;49.25;29.50;29.75;43.85;54.64;24;62;15789;16216;16023
272;49.25;29.50;29.75;43.85;54.64;24;62;15789;16216;16023
273;49.50;29.75;29.50;43.81;54.40;25;64;15743;16216;16023
274;49.50;29.75;29.50;43.81;54.40;25;64;15743;16216;16023
275;49.50;29.75;29.50;43.81;54.40;25;64;15743;16216;16023
276;49.50;29.75;29.50;43.81;54.40;25;64;15743;16216;16023
277;49.50;29.75;29.50;43.81;54.40;25;64;15743;16216;16023
278;48.75;29.50;29.50;43.66;54.51;25;64;15743;16216;16071
279;48.75;29.50;29.50;43.66;54.51;25;64;15743;16216;16071
280;48.75;29.50;29.50;43.66;54.51;25;64;15743;16216;16071
281;48.75;29.50;29.50;43.66;54.51;25;64;15743;16216;16071
282;48.75;29.50;29.50;43.66;54.51;25;64;15743;16216;16071
283;48.75;29.50;29.00;43.36;54.52;26;67;15743;16216;16023
284;48.75;29.50;29.00;43.36;54.52;26;67;15743;16216;16023
285;48.75;29.50;29.00;43.36;54.52;26;67;15743;16216;16023
286;48.75;29.50;29.00;43.36;54.52;26;67;15743;16216;16023
287;48.75;29.50;29.00;43.36;54.52;26;67;15743;16216;16023
288;49.00;29.25;28.75;43.05;54.50;26;67;15743;16216;16023
289;49.00;29.25;28.75;43.05;54.50;26;67;15743;16216;16023
290;49.00;29.25;28.75;43.05;54.50;26;67;15743;16216;16023
291;49.00;29.25;28.75;43.05;54.50;26;67;15743;16216;16023
292;49.00;29.25;28.75;43.05;54.50;26;67;15743;16216;16023
293;48.25;29.25;29.25;43.33;54.18;27;69;15789;16216;16071
294;48.25;29.25;29.25;43.33;54.18;27;69;15789;16216;16071
295;48.25;29.25;29.25;43.33;54.18;27;69;15789;16216;16071
296;48.25;29.25;29.25;43.33;54.18;27;69;15789;16216;16071
297;48.25;29.25;29.25;43.33;54.18;27;69;15789;16216;16071
298;48.25;29.25;29.25;43.33;54.18;27;69;15789;16216;16071
299;48.00;29.25;28.75;43.09;53.83;27;69;15789;16216;16023
300;48.00;29.25;28.75;43.09;53.83;27;69;15789;16216;16023
301;48.00;29.25;28.75;43.09;53.83;27;69;15789;16216;16023
302;48.00;29.25;28.75;43.09;53.83;27;69;15789;16216;16023
303;48.00;29.25;28.75;43.09;53.83;28;72;15789;16216;16023
304;47.75;29.25;29.00;42.97;54.30;28;72;15789;16265;16023
305;47.75;29.25;29.00;42.97;54.30;28;72;15789;16265;16023
306;47.75;29.25;29.00;42.97;54.30;28;72;15789;16265;16023
307;47.75;29.25;29.00;42.97;54.30;28;72;15789;16265;16023
309;47.75;29.25;29.00;42.97;54.30;28;72;15789;16265;16023
310;48.50;29.25;28.75;43.01;54.13;28;72;15789;16265;16071
311;48.50;29.25;28.75;43.01;54.13;28;72;15789;16265;16071
312;48.50;29.25;28.75;43.01;54.13;28;72;15789;16265;16071
313;48.50;29.25;28.75;43.01;54.13;29;74;15789;16265;16071
314;48.50;29.25;28.75;43.01;54.13;29;74;15789;16265;16071
315;48.00;29.75;29.00;43.14;53.94;29;74;15789;16265;16071
316;48.00;29.75;29.00;43.14;53.94;29;74;15789;16265;16071
317;48.00;29.75;29.00;43.14;53.94;29;74;15789;16265;16071
318;48.00;29.75;29.00;43.14;53.94;29;74;15789;16265;16071
319;48.00;29.75;29.00;43.14;53.94;29;74;15789;16265;16071
320;48.00;29.25;28.50;43.14;53.94;29;74;15789;16265;16071
321;48.00;29.25;28.50;42.68;53.84;29;74;15789;16265;16071
322;48.00;29.25;28.50;42.68;53.84;29;74;15789;16265;16071
323;48.00;29.25;28.50;42.68;53.84;30;77;15789;16265;16071
324;48.00;29.25;28.50;42.68;53.84;30;77;15789;16265;16071
325;48.00;29.25;28.50;42.68;53.84;30;77;15789;16265;16071
326;47.75;29.50;28.50;42.71;53.57;30;77;15835;16265;16071
327;47.75;29.50;28.50;42.71;53.57;30;77;15835;16265;16071
328;47.75;29.50;28.50;42.71;53.57;30;77;15835;16265;16071
329;47.75;29.50;28.50;42.71;53.57;30;77;15835;16265;16071
330;47.75;29.50;28.50;42.71;53.57;30;77;15835;16265;16071
331;48.25;29.00;28.75;43.16;53.66;30;77;15789;16265;16071
332;48.25;29.00;28.75;43.16;53.66;30;77;15789;16265;16071
333;48.25;29.00;28.75;43.16;53.66;31;79;15789;16265;16071
334;48.25;29.00;28.75;43.16;53.66;31;79;15789;16265;16071
335;48.25;29.00;28.75;43.16;53.66;31;79;15789;16265;16071
336;48.00;29.00;28.25;42.84;53.54;31;79;15835;16265;16071
337;48.00;29.00;28.25;42.84;53.54;31;79;15835;16265;16071
338;48.00;29.00;28.25;42.84;53.54;31;79;15835;16265;16071
339;48.00;29.00;28.25;42.84;53.54;31;79;15835;16265;16071
340;48.00;29.00;28.25;42.84;53.54;31;79;15835;16265;16071
341;48.25;28.75;28.50;42.67;53.71;31;79;15789;16265;16071
342;48.25;28.75;28.50;42.67;53.71;31;79;15789;16265;16071
343;48.25;28.75;28.50;42.67;53.71;32;82;15789;16265;16071
344;48.25;28.75;28.50;42.67;53.71;32;82;15789;16265;16071
345;48.25;28.75;28.50;42.67;53.71;32;82;15789;16265;16071
346;48.25;28.75;28.50;42.67;53.71;32;82;15789;16265;16071
347;47.75;29.00;28.25;42.53;53.21;32;82;15789;16265;16071
348;47.75;29.00;28.25;42.53;53.21;32;82;15789;16265;16071
349;47.75;29.00;28.25;42.53;53.21;32;82;15789;16265;16071
350;47.75;29.00;28.25;42.53;53.21;32;82;15789;16265;16071
351;47.75;29.00;28.25;42.53;53.21;32;82;15789;16265;16071
352;48.00;29.25;28.75;43.00;53.34;32;82;15835;16265;16023
353;48.00;29.25;28.75;43.00;53.34;33;85;15835;16265;16023
354;48.00;29.25;28.75;43.00;53.34;33;85;15835;16265;16023
355;48.00;29.25;28.75;43.00;53.34;33;85;15835;16265;16023
357;48.00;29.25;28.75;43.00;53.34;33;85;15835;16265;16023
358;47.25;28.50;28.50;42.87;53.31;33;85;15835;16314;16071
359;47.25;28.50;28.50;42.87;53.31;33;85;15835;16314;16071
360;47.25;28.50;28.50;42.87;53.31;33;85;15835;16314;16071
361;47.25;28.50;28.50;42.87;53.31;33;85;15835;16314;16071
362;47.25;28.50;28.50;42.87;53.31;33;85;15835;16314;16071
363;47.25;29.00;28.25;42.48;53.45;33;85;15835;16265;16071
364;47.25;29.00;28.25;42.48;53.45;34;87;15835;16265;16071
365;47.25;29.00;28.25;42.48;53.45;34;87;15835;16265;16071
366;47.25;29.00;28.25;42.48;53.45;34;87;15835;16265;16071
367;47.25;29.00;28.25;42.48;53.45;34;87;15835;16265;16071
368;47.50;28.75;28.25;42.32;53.25;34;87;15789;16265;16071
369;47.50;28.75;28.25;42.32;53.25;34;87;15789;16265;16071
370;47.50;28.75;28.25;42.32;53.25;34;87;15789;16265;16071
371;47.50;28.75;28.25;42.32;53.25;34;87;15789;16265;16071
372;47.50;28.75;28.25;42.32;53.25;34;87;15789;16265;16071
373;47.50;28.75;28.25;42.32;53.25;35;90;15789;16265;16071
374;47.75;28.75;28.75;42.82;53.08;35;90;15789;16265;16071
375;47.75;28.75;28.75;42.82;53.08;35;90;15789;16265;16071
376;47.75;28.75;28.75;42.82;53.08;35;90;15789;16265;16071
377;47.75;28.75;28.75;42.82;53.08;35;90;15789;16265;16071
378;47.75;28.75;28.75;42.82;53.08;35;90;15789;16265;16071
379;47.75;28.75;28.00;42.60;53.23;35;90;15789;16265;16071
380;47.75;28.75;28.00;42.60;53.23;35;90;15789;16265;16071
381;47.75;28.75;28.00;42.60;53.23;35;90;15789;16265;16071
382;47.75;28.75;28.00;42.60;53.23;35;90;15789;16265;16071
383;47.75;28.75;28.00;42.60;53.23;36;92;15789;16265;16071
384;47.00;29.00;28.50;42.42;53.06;36;92;15789;16314;16071
385;47.00;29.00;28.50;42.42;53.06;36;92;15789;16314;16071
386;47.00;29.00;28.50;42.42;53.06;36;92;15789;16314;16071
387;47.00;29.00;28.50;42.42;53.06;36;92;15789;16314;16071
388;47.00;29.00;28.50;42.42;53.06;36;92;15789;16314;16071
389;47.00;29.00;28.50;42.42;53.06;36;92;15789;16314;16071
390;47.50;28.75;28.50;42.39;52.97;36;92;15789;16265;16071
391;47.50;28.75;28.50;42.39;52.97;36;92;15789;16265;16071
392;47.50;28.75;28.50;42.39;52.97;36;92;15789;16265;16071
393;47.50;28.75;28.50;42.39;52.97;37;95;15789;16265;16071
394;47.50;28.75;28.50;42.39;52.97;37;95;15789;16265;16071
395;47.50;28.75;28.50;42.63;52.97;37;95;15789;16314;16071
396;47.50;28.75;28.50;42.63;52.97;37;95;15789;16314;16071
397;47.50;28.75;28.50;42.63;52.97;37;95;15789;16314;16071
398;47.50;28.75;28.50;42.63;52.97;37;95;15789;16314;16071
399;47.50;28.75;28.50;42.63;52.97;37;95;15789;16314;16071
400;47.00;29.25;27.75;42.30;52.53;37;95;15789;16265;16071
401;47.00;29.25;27.75;42.30;52.53;37;95;15789;16265;16071
402;47.00;29.25;27.75;42.30;52.53;37;95;15789;16265;16071
403;47.00;29.25;27.75;42.30;52.53;38;97;15789;16265;16071
405;47.00;29.25;27.75;42.30;52.53;38;97;15789;16265;16071
406;47.50;28.75;28.25;42.35;52.63;38;97;15789;16265;16071
407;47.50;28.75;28.25;42.35;52.63;38;97;15789;16265;16071
408;47.50;28.75;28.25;42.35;52.63;38;97;15789;16265;16071
409;47.50;28.75;28.25;42.35;52.63;38;97;15789;16265;16071
410;47.50;28.75;28.25;42.35;52.63;38;97;15789;16265;16071
411;47.00;29.00;27.75;42.22;52.94;38;97;15835;16265;16119
412;47.00;29.00;27.75;42.22;52.94;38;97;15835;16265;16119
413;47.00;29.00;27.75;42.22;52.94;38;97;15835;16265;16119
414;47.00;29.00;27.75;42.22;52.94;39;100;15835;16265;16119
415;47.00;29.00;27.75;42.22;52.94;39;100;15835;16265;16119
416;47.00;29.00;27.75;42.22;52.94;39;100;15835;16265;16119
417;47.50;28.75;28.00;42.51;52.90;39;100;15835;16314;16071
418;47.50;28.75;28.00;42.51;52.90;39;100;15835;16314;16071
419;47.50;28.75;28.00;42.51;52.90;39;100;15835;16314;16071
420;47.50;28.75;28.00;42.51;52.90;39;100;15835;16314;16071
421;47.50;28.75;28.00;42.51;52.90;39;100;15835;16314;16071
422;47.50;28.50;27.75;42.20;52.97;39;100;15789;16265;16071
423;47.50;28.50;27.75;42.20;52.97;39;100;15789;16265;16071
424;47.50;28.50;27.75;42.20;52.97;40;103;15789;16265;16071
425;47.50;28.50;27.75;42.20;52.97;40;103;15789;16265;16071
426;47.50;28.50;27.75;42.20;52.97;40;103;15789;16265;16071
427;47.00;28.75;27.50;42.24;52.60;40;103;15789;16265;16071
428;47.00;28.75;27.50;42.24;52.60;40;103;15789;16265;16071
429;47.00;28.75;27.50;42.24;52.60;40;103;15789;16265;16071
430;47.00;28.75;27.50;42.24;52.60;40;103;15789;16265;16071
431;47.00;28.75;27.50;42.24;52.60;40;103;15789;16265;16071
432;47.00;28.50;27.75;42.19;52.41;40;103;15835;16265;16071
433;47.00;28.50;27.75;42.19;52.41;41;105;15835;16265;16071
434;47.00;28.50;27.75;42.19;52.41;41;105;15835;16265;16071
435;47.00;28.50;27.75;42.19;52.41;41;105;15835;16265;16071
436;47.00;28.50;27.75;42.19;52.41;41;105;15835;16265;16071
437;47.25;28.50;28.25;42.25;52.62;41;105;15835;16265;16071
438;47.25;28.50;28.25;42.25;52.62;41;105;15835;16265;16071
439;47.25;28.50;28.25;42.25;52.62;41;105;15835;16265;16071
440;47.25;28.50;28.25;42.25;52.62;41;105;15835;16265;16071
441;47.25;28.50;28.25;42.25;52.62;41;105;15835;16265;16071
442;47.25;28.50;28.25;42.25;52.62;41;105;15835;16265;16071
443;46.75;28.50;28.25;42.06;52.31;42;108;15789;16265;16119
444;46.75;28.50;28.25;42.06;52.31;42;108;15789;16265;16119
445;46.75;28.50;28.25;42.06;52.31;42;108;15789;16265;16119
446;46.75;28.50;28.25;42.06;52.31;42;108;15789;16265;16119
447;46.75;28.50;28.25;42.06;52.31;42;108;15789;16265;16119
448;46.75;28.75;28.00;42.14;52.68;42;108;15789;16265;16071
449;46.75;28.75;28.00;42.14;52.68;42;108;15789;16265;16071
451;46.75;28.75;28.00;42.14;52.68;42;108;15789;16265;16071
452;46.75;28.75;28.00;42.14;52.68;42;108;15789;16265;16071
453;46.75;28.75;28.00;42.14;52.68;42;108;15789;16265;16071
454;47.00;28.50;27.75;42.46;52.76;43;110;15835;16265;16071
455;47.00;28.50;27.75;42.46;52.76;43;110;15835;16265;16071
456;47.00;28.50;27.75;42.46;52.76;43;110;15835;16265;16071
457;47.00;28.50;27.75;42.46;52.76;43;110;15835;16265;16071
458;47.00;28.50;27.75;42.46;52.76;43;110;15835;16265;16071
459;47.00;28.75;28.00;42.28;52.70;43;110;15835;16265;16071
460;47.00;28.75;28.00;42.28;52.70;43;110;15835;16265;16071
461;47.00;28.75;28.00;42.28;52.70;43;110;15835;16265;16071
462;47.00;28.75;28.00;42.28;52.70;43;110;15835;16265;16071
463;47.00;28.75;28.00;42.28;52.70;43;110;15835;16265;16071
464;47.00;28.75;28.00;42.28;52.70;44;113;15835;16265;16071
465;46.75;28.75;27.50;42.06;52.75;44;113;15835;16314;16071
466;46.75;28.75;27.50;42.06;52.75;44;113;15835;16314;16071
467;46.75;28.75;27.50;42.06;52.75;44;113;15835;16314;16071
468;46.75;28.75;27.50;42.06;52.75;44;113;15835;16314;16071
469;46.75;28.75;27.50;42.06;52.75;44;113;15835;16314;16071
470;47.00;28.50;28.25;42.17;52.32;44;113;15789;16314;16071
471;47.00;28.50;28.25;42.17;52.32;44;113;15789;16314;16071
472;47.00;28.50;28.25;42.17;52.32;44;113;15789;16314;16071
473;47.00;28.50;28.25;42.17;52.32;44;113;15789;16314;16071
474;47.00;28.50;28.25;42.17;52.32;45;115;15789;16314;16071
475;47.25;28.75;28.75;41.84;52.14;45;115;15835;16314;16071
476;47.25;28.75;28.75;41.84;52.14;45;115;15835;16314;16071
477;47.25;28.75;28.75;41.84;52.14;45;115;15835;16314;16071
478;47.25;28.75;28.75;41.84;52.14;45;115;15835;16314;16071
479;47.25;28.75;28.75;41.84;52.14;45;115;15835;16314;16071
480;47.25;28.75;28.75;41.84;52.14;45;115;15835;16314;16071
481;46.50;28.75;28.00;42.25;52.57;45;115;15835;16265;16119
482;46.50;28.75;28.00;42.25;52.57;45;115;15835;16265;16119
483;46.50;28.75;28.00;42.25;52.57;45;115;15835;16265;16119
484;46.50;28.75;28.00;42.25;52.57;46;118;15835;16265;16119
485;46.50;28.75;28.00;42.25;52.57;46;118;15835;16265;16119
486;46.75;28.50;27.75;42.50;52.51;46;118;15835;16314;16071
487;46.75;28.50;27.75;42.50;52.51;46;118;15835;16314;16071
488;46.75;28.50;27.75;42.50;52.51;46;118;15835;16314;16071
489;46.75;28.50;27.75;42.50;52.51;46;118;15835;16314;16071
490;46.75;28.50;27.75;42.50;52.51;46;118;15835;16314;16071
491;46.50;28.75;27.75;41.98;52.27;46;118;15789;16314;16071
492;46.50;28.75;27.75;41.98;52.27;46;118;15789;16314;16071
493;46.50;28.75;27.75;41.98;52.27;46;118;15789;16314;16071
494;46.50;28.75;27.75;41.98;52.27;47;121;15789;16314;16071
495;46.50;28.75;27.75;41.98;52.27;47;121;15789;16314;16071
496;46.50;28.75;27.75;41.98;52.27;47;121;15789;16314;16071
498;47.00;28.50;27.75;42.30;52.08;47;121;15789;16265;16071
499;47.00;28.50;27.75;42.30;52.08;47;121;15789;16265;16071
500;47.00;28.50;27.75;42.30;52.08;47;121;15789;16265;16071
501;47.00;28.50;27.75;42.30;52.08;47;121;15789;16265;16071
502;47.00;28.50;27.75;42.30;52.08;47;121;15789;16265;16071
503;46.50;28.75;27.75;42.24;52.54;47;121;15789;16265;16071
504;46.50;28.75;27.75;42.24;52.54;48;123;15789;16265;16071
505;46.50;28.75;27.75;42.24;52.54;48;123;15789;16265;16071
506;46.50;28.75;27.75;42.24;52.54;48;123;15789;16265;16071
507;46.50;28.75;27.75;42.24;52.54;48;123;15789;16265;16071
508;46.75;28.25;27.75;42.08;52.26;48;123;15789;16265;16119
509;46.75;28.25;27.75;42.08;52.26;48;123;15789;16265;16119
510;46.75;28.25;27.75;42.08;52.26;48;123;15789;16265;16119
511;46.75;28.25;27.75;42.08;52.26;48;123;15789;16265;16119
512;46.75;28.25;27.75;42.08;52.26;48;123;15789;16265;16119
513;47.00;28.50;27.25;41.88;52.65;48;123;15835;16265;16071
514;47.00;28.50;27.25;41.88;52.65;49;126;15835;16265;16071
515;47.00;28.50;27.25;41.88;52.65;49;126;15835;16265;16071
516;47.00;28.50;27.25;41.88;52.65;49;126;15835;16265;16071
517;47.00;28.50;27.25;41.88;52.65;49;126;15835;16265;16071
518;46.50;28.75;27.75;42.01;52.21;49;126;15835;16265;16071
519;46.50;28.75;27.75;42.01;52.21;49;126;15835;16265;16071
520;46.50;28.75;27.75;42.01;52.21;49;126;15835;16265;16071
521;46.50;28.75;27.75;42.01;52.21;49;126;15835;16265;16071
522;46.50;28.75;27.75;42.01;52.21;49;126;15835;16265;16071
523;46.50;28.75;27.75;42.01;52.21;49;126;15835;16265;16071
524;47.00;28.75;27.25;42.11;52.40;50;128;15835;16265;16071
525;47.00;28.75;27.25;42.11;52.40;50;128;15835;16265;16071
526;47.00;28.75;27.25;42.11;52.40;50;128;15835;16265;16071
527;47.00;28.75;27.25;42.11;52.40;50;128;15835;16265;16071
528;47.00;28.75;27.25;42.11;52.40;50;128;15835;16265;16071
529;47.25;28.25;27.75;41.97;52.38;50;128;15789;16314;16071
530;47.25;28.25;27.75;41.97;52.38;50;128;15789;16314;16071
531;47.25;28.25;27.75;41.97;52.38;50;128;15789;16314;16071
532;47.25;28.25;27.75;41.97;52.38;50;128;15789;16314;16071
533;47.25;28.25;27.75;41.97;52.38;50;128;15789;16314;16071
534;47.50;29.00;27.75;42.09;52.20;51;131;15835;16265;16071
535;47.50;29.00;27.75;42.09;52.20;51;131;15835;16265;16071
536;47.50;29.00;27.75;42.09;52.20;51;131;15835;16265;16071
537;47.50;29.00;27.75;42.09;52.20;51;131;15835;16265;16071
538;47.50;29.00;27.75;42.09;52.20;51;131;15835;16265;16071
539;47.25;28.50;27.25;42.33;52.12;51;131;15835;16265;16119
540;47.25;28.50;27.25;42.33;52.12;51;131;15835;16265;16119
541;47.25;28.50;27.25;42.33;52.12;51;131;15835;16265;16119
542;47.25;28.50;27.25;42.33;52.12;51;131;15835;16265;16119
543;47.25;28.50;27.25;42.33;52.12;51;131;15835;16265;16119
544;47.25;28.50;27.25;42.33;52.12;52;133;15835;16265;16119
546;46.25;28.50;28.50;41.88;52.21;52;133;15835;16314;16119
547;46.25;28.50;28.50;41.88;52.21;52;133;15835;16314;16119
548;46.25;28.50;28.50;41.88;52.21;52;133;15835;16314;16119
549;46.25;28.50;28.50;41.88;52.21;52;133;15835;16314;16119
550;46.25;28.50;28.50;41.88;52.21;52;133;15835;16314;16119
551;46.50;28.50;27.50;41.96;52.41;52;133;15835;16265;16071
552;46.50;28.50;27.50;41.96;52.41;52;133;15835;16265;16071
553;46.50;28.50;27.50;41.96;52.41;52;133;15835;16265;16071
554;46.50;28.50;27.50;41.96;52.41;52;133;15835;16265;16071
555;46.50;28.50;27.50;41.96;52.41;53;136;15835;16265;16071
556;46.75;28.25;27.50;42.12;52.37;53;136;15835;16265;16071
557;46.75;28.25;27.50;42.12;52.37;53;136;15835;16265;16071
558;46.75;28.25;27.50;42.12;52.37;53;136;15835;16265;16071
559;46.75;28.25;27.50;42.12;52.37;53;136;15835;16265;16071
560;46.75;28.25;27.50;42.12;52.37;53;136;15835;16265;16071
561;46.75;28.25;27.50;41.66;52.47;53;136;15835;16265;16071
562;46.75;28.25;27.50;41.66;52.47;53;136;15835;16265;16071
563;46.75;28.25;27.50;41.66;52.47;53;136;15835;16265;16071
564;46.75;28.25;27.50;41.66;52.47;53;136;15835;16265;16071
565;46.75;28.25;27.50;41.66;52.47;54;138;15835;16265;16071
566;46.75;28.25;27.50;41.66;52.47;54;138;15835;16265;16071
567;46.75;28.25;27.50;41.85;52.28;54;138;15789;16265;16023
568;46.75;28.25;27.50;41.85;52.28;54;138;15789;16265;16023
569;46.75;28.25;27.50;41.85;52.28;54;138;15789;16265;16023
570;46.75;28.25;27.50;41.85;52.28;54;138;15789;16265;16023
571;46.75;28.25;27.50;41.85;52.28;54;138;15789;16265;16023
572;46.75;28.50;27.50;41.95;52.26;54;138;15835;16265;16071
573;46.75;28.50;27.50;41.95;52.26;54;138;15835;16265;16071
574;46.75;28.50;27.50;41.95;52.26;55;141;15835;16265;16071
575;46.75;28.50;27.50;41.95;52.26;55;141;15835;16265;16071
576;46.75;28.50;27.50;41.95;52.26;55;141;15835;16265;16071
577;46.75;28.75;27.75;42.17;52.24;55;141;15835;16314;16071
578;46.75;28.75;27.75;42.17;52.24;55;141;15835;16314;16071
579;46.75;28.75;27.75;42.17;52.24;55;141;15835;16314;16071
580;46.75;28.75;27.75;42.17;52.24;55;141;15835;16314;16071
581;46.75;28.75;27.75;42.17;52.24;55;141;15835;16314;16071
582;46.00;28.50;27.25;41.95;52.40;55;141;15789;16265;16023
583;46.00;28.50;27.25;41.95;52.40;55;141;15789;16265;16023
584;46.00;28.50;27.25;41.95;52.40;56;144;15789;16265;16023
585;46.00;28.50;27.25;41.95;52.40;56;144;15789;16265;16023
586;46.00;28.50;27.25;41.95;52.40;56;144;15789;16265;16023
587;46.00;28.50;27.25;41.95;52.40;56;144;15789;16265;16023
588;46.50;28.25;27.75;41.94;52.23;56;144;15835;16265;16071
589;46.50;28.25;27.75;41.94;52.23;56;144;15835;16265;16071
590;46.50;28.25;27.75;41.94;52.23;56;144;15835;16265;16071
591;46.50;28.25;27.75;41.94;52.23;56;144;15835;16265;16071
592;46.50;28.25;27.75;41.94;52.23;56;144;15835;16265;16071
594;46.50;28.50;27.75;41.97;52.44;56;144;15835;16265;16119
595;46.50;28.50;27.75;41.97;52.44;57;146;15835;16265;16119
596;46.50;28.50;27.75;41.97;52.44;57;146;15835;16265;16119
597;46.50;28.50;27.75;41.97;52.44;57;146;15835;16265;16119
598;46.50;28.50;27.75;41.97;52.44;57;146;15835;16265;16119
599;47.00;28.25;27.50;42.11;52.11;57;146;15789;16265;16071
600;47.00;28.25;27.50;42.11;52.11;57;146;15789;16265;16071
601;47.00;28.25;27.50;42.11;52.11;57;146;15789;16265;16071
602;47.00;28.25;27.50;42.11;52.11;57;146;15789;16265;16071
603;47.00;28.25;27.50;42.11;52.11;57;146;15789;16265;16071
604;46.50;28.75;27.50;42.02;52.00;57;146;15835;16265;16071
605;46.50;28.75;27.50;42.02;52.00;58;149;15835;16265;16071
606;46.50;28.75;27.50;42.02;52.00;58;149;15835;16265;16071
607;46.50;28.75;27.50;42.02;52.00;58;149;15835;16265;16071
608;46.50;28.75;27.50;42.02;52.00;58;149;15835;16265;16071
609;47.00;28.50;27.25;41.79;51.98;58;149;15835;16265;16071
610;47.00;28.50;27.25;41.79;51.98;58;149;15789;16265;16071
611;47.00;28.50;27.25;41.79;51.98;58;149;15789;16265;16071
612;47.00;28.50;27.25;41.79;51.98;58;149;15789;16265;16071
613;47.00;28.50;27.25;41.79;51.98;58;149;15789;16265;16071
614;47.00;28.50;27.25;41.79;51.98;58;149;15789;16265;16071
615;47.00;28.75;27.75;42.02;52.44;59;151;15835;16314;16119
616;47.00;28.75;27.75;42.02;52.44;59;151;15835;16314;16119
617;47.00;28.75;27.75;42.02;52.44;59;151;15835;16314;16119
618;47.00;28.75;27.75;42.02;52.44;59;151;15835;16314;16119
619;47.00;28.75;27.75;42.02;52.44;59;151;15835;16314;16119
620;46.75;28.25;27.50;42.24;52.43;59;151;15789;16265;16071
621;46.75;28.25;27.50;42.24;52.43;59;151;15789;16265;16071
622;46.75;28.25;27.50;42.24;52.43;59;151;15789;16265;16071
623;46.75;28.25;27.50;42.24;52.43;59;151;15789;16265;16071
624;46.75;28.25;27.50;42.24;52.43;59;151;15789;16265;16071
625;46.50;28.75;27.75;41.94;52.24;60;154;15789;16265;16071
626;46.50;28.75;27.75;41.94;52.24;60;154;15789;16265;16071
627;46.50;28.75;27.75;41.94;52.24;60;154;15789;16265;16071
628;46.50;28.75;27.75;41.94;52.24;60;154;15789;16265;16071
629;46.50;28.75;27.75;41.94;52.24;60;154;15789;16265;16071
630;46.50;28.75;27.00;42.12;52.42;60;154;15789;16265;16071
631;46.50;28.75;27.00;42.12;52.42;60;154;15789;16265;16071
632;46.50;28.75;27.00;42.12;52.42;60;154;15789;16265;16071
633;46.50;28.75;27.00;42.12;52.42;60;154;15789;16265;16071
634;46.50;28.75;27.00;42.12;52.42;60;154;15789;16265;16071
635;46.50;28.75;27.00;42.12;52.42;61;156;15789;16265;16071
636;46.75;28.50;27.25;41.83;52.25;61;156;15835;16314;16071
637;46.75;28.50;27.25;41.83;52.25;61;156;15835;16314;16071
638;46.75;28.50;27.25;41.83;52.25;61;156;15835;16314;16071
639;46.75;28.50;27.25;41.83;52.25;61;156;15835;16314;16071
641;46.75;28.50;27.25;41.83;52.25;61;156;15835;16314;16071
642;47.00;28.50;27.50;41.89;52.30;61;156;15835;16216;16071
643;47.00;28.50;27.50;41.89;52.30;61;156;15835;16216;16071
644;47.00;28.50;27.50;41.89;52.30;61;156;15835;16216;16071
645;47.00;28.50;27.50;41.89;52.30;62;159;15835;16216;16071
646;47.00;28.50;27.50;41.89;52.30;62;159;15835;16216;16071
647;46.25;28.50;27.25;41.68;51.94;62;159;15835;16314;16071
648;46.25;28.50;27.25;41.68;51.94;62;159;15835;16314;16071
649;46.25;28.50;27.25;41.68;51.94;62;159;15835;16314;16071
650;46.25;28.50;27.25;41.68;51.94;62;159;15835;16314;16071
651;46.25;28.50;27.25;41.68;51.94;62;159;15835;16314;16071
652;46.25;28.50;27.50;41.95;52.24;62;159;15835;16314;16071
653;46.25;28.50;27.50;41.95;52.24;62;159;15835;16314;16071
654;46.25;28.50;27.50;41.95;52.24;62;159;15835;16314;16071
655;46.25;28.50;27.50;41.95;52.24;63;162;15835;16314;16071
656;46.25;28.50;27.50;41.95;52.24;63;162;15835;16314;16071
657;46.00;28.25;27.25;41.83;52.33;63;162;15835;16265;16071
658;46.00;28.25;27.25;41.83;52.33;63;162;15835;16265;16071
659;46.00;28.25;27.25;41.83;52.33;63;162;15835;16265;16071
660;46.00;28.25;27.25;41.83;52.33;63;162;15835;16265;16071
661;46.00;28.25;27.25;41.83;52.33;63;162;15835;16265;16071
662;46.00;28.25;27.25;41.83;52.33;63;162;15835;16265;16071
663;46.25;28.25;27.50;42.03;52.46;63;162;15789;16265;16119
664;46.25;28.25;27.50;42.03;52.46;63;162;15789;16265;16119
665;46.25;28.25;27.50;42.03;52.46;64;164;15789;16265;16119
666;46.25;28.25;27.50;42.03;52.46;64;164;15789;16265;16119
667;46.25;28.25;27.50;42.03;52.46;64;164;15789;16265;16119
668;46.75;28.50;27.75;41.61;52.39;64;164;15835;16265;16071
669;46.75;28.50;27.75;41.61;52.39;64;164;15835;16265;16071
670;46.75;28.50;27.75;41.61;52.39;64;164;15835;16265;16071
671;46.75;28.50;27.75;41.61;52.39;64;164;15835;16265;16071
672;46.75;28.50;27.75;41.61;52.39;64;164;15835;16265;16071
673;45.75;28.50;27.25;41.89;51.89;64;164;15835;16265;16071
674;45.75;28.50;27.25;41.89;51.89;64;164;15835;16265;16071
675;45.75;28.50;27.25;41.89;51.89;65;167;15835;16265;16071
676;45.75;28.50;27.25;41.89;51.89;65;167;15835;16265;16071
677;45.75;28.50;27.25;41.89;51.89;65;167;15835;16265;16071
678;46.25;28.50;27.75;41.86;52.11;65;167;15789;16265;16071
679;46.25;28.50;27.75;41.86;52.11;65;167;15789;16265;16071
680;46.25;28.50;27.75;41.86;52.11;65;167;15789;16265;16071
681;46.25;28.50;27.75;41.86;52.11;65;167;15789;16265;16071
682;46.25;28.50;27.75;41.86;52.11;65;167;15789;16265;16071
683;46.25;28.50;27.75;41.86;52.11;65;167;15789;16265;16071
684;47.25;28.50;27.00;41.80;52.01;65;167;15789;16265;16071
685;47.25;28.50;27.00;41.80;52.01;66;169;15789;16265;16071
686;47.25;28.50;27.00;41.80;52.01;66;169;15789;16265;16071
687;47.25;28.50;27.00;41.80;52.01;66;169;15789;16265;16071
689;47.25;28.50;27.00;41.80;52.01;66;169;15789;16265;16071
690;46.00;28.00;27.25;42.05;51.92;66;169;15835;16216;16071
691;46.00;28.00;27.25;42.05;51.92;66;169;15835;16216;16071
692;46.00;28.00;27.25;42.05;51.92;66;169;15835;16216;16071
693;46.00;28.00;27.25;42.05;51.92;66;169;15835;16216;16071
694;46.00;28.00;27.25;42.05;51.92;66;169;15835;16216;16071
695;46.00;28.50;27.25;42.27;52.06;66;169;15835;16265;16071
696;46.00;28.50;27.25;42.27;52.06;67;172;15835;16265;16071
697;46.00;28.50;27.25;42.27;52.06;67;172;15835;16265;16071
698;46.00;28.50;27.25;42.27;52.06;67;172;15835;16265;16071
699;46.00;28.50;27.25;42.27;52.06;67;172;15835;16265;16071
700;46.25;28.50;27.25;41.53;52.30;67;172;15835;16265;16071
701;46.25;28.50;27.25;41.53;52.30;67;172;15835;16265;16071
702;46.25;28.50;27.25;41.53;52.30;67;172;15835;16265;16071
703;46.25;28.50;27.25;41.53;52.30;67;172;15835;16265;16071
704;46.25;28.50;27.25;41.53;52.30;67;172;15835;16265;16071
705;46.25;28.50;27.25;41.53;52.30;67;172;15835;16265;16071
706;46.25;28.25;27.50;41.74;51.96;68;174;15789;16265;16071
707;46.25;28.25;27.50;41.74;51.96;68;174;15789;16265;16071
708;46.25;28.25;27.50;41.74;51.96;68;174;15789;16265;16071
709;46.25;28.25;27.50;41.74;51.96;68;174;15789;16265;16071
710;46.25;28.25;27.50;41.74;51.96;68;174;15789;16265;16071
711;46.50;28.25;27.75;41.76;52.18;68;174;15789;16265;16071
712;46.50;28.25;27.75;41.76;52.18;68;174;15789;16265;16071
713;46.50;28.25;27.75;41.76;52.18;68;174;15789;16265;16071
714;46.50;28.25;27.75;41.76;52.18;68;174;15789;16265;16071
715;46.50;28.25;27.75;41.76;52.18;69;177;15789;16265;16071
716;46.50;28.75;27.00;42.02;51.95;69;177;15835;16265;16119
717;46.50;28.75;27.00;42.02;51.95;69;177;15835;16265;16119
718;46.50;28.75;27.00;42.02;51.95;69;177;15835;16265;16119
719;46.50;28.75;27.00;42.02;51.95;69;177;15835;16265;16119
720;46.50;28.75;27.00;42.02;51.95;69;177;15835;16265;16119
721;46.25;28.00;27.75;42.16;52.20;69;177;15789;16265;16071
722;46.25;28.00;27.75;42.16;52.20;69;177;15789;16265;16071
723;46.25;28.00;27.75;42.16;52.20;69;177;15789;16265;16071
724;46.25;28.00;27.75;42.16;52.20;69;177;15789;16265;16071
725;46.25;28.00;27.75;42.16;52.20;70;179;15789;16265;16071
726;46.00;28.50;27.50;41.62;52.32;70;179;15789;16265;16071
727;46.00;28.50;27.50;41.62;52.32;70;179;15835;16265;16071
728;46.00;28.50;27.50;41.62;52.32;70;179;15835;16265;16071
729;46.00;28.50;27.50;41.62;52.32;70;179;15835;16265;16071
730;46.00;28.50;27.50;41.62;52.32;70;179;15835;16265;16071
731;46.00;28.50;27.50;41.62;52.32;70;179;15835;16265;16071
732;46.25;28.25;27.50;41.94;51.89;70;179;15835;16265;16023
733;46.25;28.25;27.50;41.94;51.89;70;179;15835;16265;16023
734;46.25;28.25;27.50;41.94;51.89;70;179;15835;16265;16023
736;46.25;28.25;27.50;41.94;51.89;71;182;15835;16265;16023
737;46.25;28.25;27.50;41.94;51.89;71;182;15835;16265;16023
738;47.25;28.00;27.75;41.88;52.06;71;182;15789;16265;16071
739;47.25;28.00;27.75;41.88;52.06;71;182;15789;16265;16071
740;47.25;28.00;27.75;41.88;52.06;71;182;15789;16265;16071
741;47.25;28.00;27.75;41.88;52.06;71;182;15789;16265;16071
742;47.25;28.00;27.75;41.88;52.06;71;182;15789;16265;16071
743;46.25;28.00;27.25;41.84;52.32;71;182;15835;16265;16071
744;46.25;28.00;27.25;41.84;52.32;71;182;15835;16265;16071
745;46.25;28.00;27.25;41.84;52.32;71;182;15835;16265;16071
746;46.25;28.00;27.25;41.84;52.32;72;185;15835;16265;16071
747;46.25;28.00;27.25;41.84;52.32;72;185;15835;16265;16071
748;46.50;28.25;27.25;41.97;52.32;72;185;15789;16265;16071
749;46.50;28.25;27.25;41.97;52.32;72;185;15789;16265;16071
750;46.50;28.25;27.25;41.97;52.32;72;185;15789;16265;16071
751;46.50;28.25;27.25;41.97;52.32;72;185;15789;16265;16071
752;46.50;28.25;27.25;41.97;52.32;72;185;15789;16265;16071
753;46.50;28.25;27.25;41.97;52.32;72;185;15789;16265;16071
754;46.50;28.50;27.25;41.66;51.65;72;185;15789;16265;16071
755;46.50;28.50;27.25;41.66;51.65;72;185;15789;16265;16071
756;46.50;28.50;27.25;41.66;51.65;73;187;15789;16265;16071
757;46.50;28.50;27.25;41.66;51.65;73;187;15789;16265;16071
758;46.50;28.50;27.25;41.66;51.65;73;187;15789;16265;16071
759;46.75;28.25;27.25;41.87;52.35;73;187;15835;16265;16071
760;46.75;28.25;27.25;41.87;52.35;73;187;15835;16265;16071
761;46.75;28.25;27.25;41.87;52.35;73;187;15835;16265;16071
762;46.75;28.25;27.25;41.87;52.35;73;187;15835;16265;16071
763;46.75;28.25;27.25;41.87;52.35;73;187;15835;16265;16071
764;46.50;28.25;27.25;42.08;52.13;73;187;15789;16314;16071
765;46.50;28.25;27.25;42.08;52.13;73;187;15789;16314;16071
766;46.50;28.25;27.25;42.08;52.13;74;190;15789;16314;16071
767;46.50;28.25;27.25;42.08;52.13;74;190;15789;16314;16071
768;46.50;28.25;27.25;42.08;52.13;74;190;15789;16314;16071
769;46.25;28.00;27.50;42.14;52.01;74;190;15789;16265;16071
770;46.25;28.00;27.50;42.14;52.01;74;190;15789;16265;16071
771;46.25;28.00;27.50;42.14;52.01;74;190;15789;16265;16071
772;46.25;28.00;27.50;42.14;52.01;74;190;15789;16265;16071
773;46.25;28.00;27.50;42.14;52.01;74;190;15789;16265;16071
774;46.50;28.25;27.00;41.66;52.08;74;190;15789;16265;16071
775;46.50;28.25;27.00;41.66;52.08;75;192;15789;16265;16071
776;46.50;28.25;27.00;41.66;52.08;75;192;15789;16265;16071
777;46.50;28.25;27.00;41.66;52.08;75;192;15789;16265;16071
778;46.50;28.25;27.00;41.66;52.08;75;192;15789;16265;16071
779;46.50;28.25;27.00;41.66;52.08;75;192;15789;16265;16071
780;46.25;28.50;27.50;42.05;52.04;75;192;15789;16265;16071
782;46.25;28.50;27.50;42.05;52.04;75;192;15789;16265;16071
783;46.25;28.50;27.50;42.05;52.04;75;192;15789;16265;16071
784;46.25;28.50;27.50;42.05;52.04;75;192;15789;16265;16071
785;46.25;28.50;27.50;42.05;52.04;75;192;15789;16265;16071
786;46.25;28.25;27.50;41.87;51.81;76;195;15789;16265;16071
787;46.25;28.25;27.50;41.87;51.81;76;195;15789;16265;16071
788;46.25;28.25;27.50;41.87;51.81;76;195;15789;16265;16071
789;46.25;28.25;27.50;41.87;51.81;76;195;15789;16265;16071
790;46.25;28.25;27.50;41.87;51.81;76;195;15789;16265;16071
791;46.50;28.50;28.00;41.62;51.99;76;195;15789;16265;16071
792;46.50;28.50;28.00;41.62;51.99;76;195;15789;16265;16071
793;46.50;28.50;28.00;41.62;51.99;76;195;15789;16265;16071
794;46.50;28.50;28.00;41.62;51.99;76;195;15789;16265;16071
795;46.50;28.50;28.00;41.62;51.99;76;195;15789;16265;16071
796;46.50;28.25;27.25;41.64;52.12;77;197;15789;16314;16071
797;46.50;28.25;27.25;41.64;52.12;77;197;15789;16314;16071
798;46.50;28.25;27.25;41.64;52.12;77;197;15789;16314;16071
799;46.50;28.25;27.25;41.64;52.12;77;197;15789;16314;16071
800;46.50;28.25;27.25;41.64;52.12;77;197;15789;16314;16071
801;46.00;28.00;27.00;41.84;51.80;77;197;15835;16265;16071
802;46.00;28.00;27.00;41.84;51.80;77;197;15835;16265;16071
803;46.00;28.00;27.00;41.84;51.80;77;197;15835;16265;16071
804;46.00;28.00;27.00;41.84;51.80;77;197;15835;16265;16071
805;46.00;28.00;27.00;41.84;51.80;77;197;15835;16265;16071
806;46.00;28.00;27.00;41.84;51.80;78;200;15835;16265;16071
807;46.50;28.00;27.50;42.08;52.20;78;200;15835;16265;16071
808;46.50;28.00;27.50;42.08;52.20;78;200;15835;16265;16071
809;46.50;28.00;27.50;42.08;52.20;78;200;15835;16265;16071
810;46.50;28.00;27.50;42.08;52.20;78;200;15835;16265;16071
811;46.50;28.00;27.50;42.08;52.20;78;200;15835;16265;16071
812;46.00;28.25;27.75;42.04;51.95;78;200;15835;16265;16119
813;46.00;28.25;27.75;42.04;51.95;78;200;15835;16265;16119
814;46.00;28.25;27.75;42.04;51.95;78;200;15835;16265;16119
815;46.00;28.25;27.75;42.04;51.95;78;200;15835;16265;16119
816;46.00;28.25;27.75;42.04;51.95;79;203;15835;16265;16119
817;46.50;28.00;27.00;41.72;52.22;79;203;15789;16265;16071
818;46.50;28.00;27.00;41.72;52.22;79;203;15789;16265;16071
819;46.50;28.00;27.00;41.72;52.22;79;203;15789;16265;16071
820;46.50;28.00;27.00;41.72;52.22;79;203;15789;16265;16071
821;46.50;28.00;27.00;41.72;52.22;79;203;15789;16265;16071
822;46.50;28.25;27.00;41.73;51.97;79;203;15835;16265;16071
823;46.50;28.25;27.00;41.73;51.97;79;203;15835;16265;16071
824;46.50;28.25;27.00;41.73;51.97;79;203;15835;16265;16071
825;46.50;28.25;27.00;41.73;51.97;79;203;15835;16265;16071
826;46.50;28.25;27.00;41.73;51.97;80;205;15835;16265;16071
827;46.25;28.50;27.25;41.91;51.91;80;205;15835;16265;16071
829;46.25;28.50;27.25;41.91;51.91;80;205;15835;16265;16071
830;46.25;28.50;27.25;41.91;51.91;80;205;15835;16265;16071
831;46.25;28.50;27.25;41.91;51.91;80;205;15835;16265;16071
832;46.25;28.50;27.25;41.91;51.91;80;205;15835;16265;16071
833;46.25;28.50;27.25;41.91;51.91;80;205;15835;16265;16071
834;46.00;28.00;27.75;42.02;52.28;80;205;15835;16265;16071
835;46.00;28.00;27.75;42.02;52.28;80;205;15835;16265;16071
836;46.00;28.00;27.75;42.02;52.28;81;208;15835;16265;16071
837;46.00;28.00;27.75;42.02;52.28;81;208;15835;16265;16071
838;46.00;28.00;27.75;42.02;52.28;81;208;15835;16265;16071
839;46.25;28.25;27.75;41.84;52.10;81;208;15789;16265;16071
840;46.25;28.25;27.75;41.84;52.10;81;208;15789;16265;16071
841;46.25;28.25;27.75;41.84;52.10;81;208;15789;16265;16071
842;46.25;28.25;27.75;41.84;52.10;81;208;15789;16265;16071
843;46.25;28.25;27.75;41.84;52.10;81;208;15789;16265;16071
844;46.00;28.00;27.25;41.80;52.15;81;208;15835;16265;16071
845;46.00;28.00;27.25;41.80;52.15;81;208;15835;16265;16071
846;46.00;28.00;27.25;41.80;52.15;82;210;15835;16265;16071
847;46.00;28.00;27.25;41.80;52.15;82;210;15835;16265;16071
848;46.00;28.00;27.25;41.80;52.15;82;210;15835;16265;16071
849;46.25;28.25;27.75;42.21;51.99;82;210;15789;16265;16071
850;46.25;28.25;27.75;42.21;51.99;82;210;15789;16265;16071
851;46.25;28.25;27.75;42.21;51.99;82;210;15789;16265;16071
852;46.25;28.25;27.75;42.21;51.99;82;210;15789;16265;16071
853;46.25;28.25;27.75;42.21;51.99;82;210;15789;16265;16071
854;46.25;28.25;27.75;42.21;51.99;82;210;15789;16265;16071
855;46.25;28.00;27.00;42.02;51.95;82;210;15835;16265;16071
856;46.25;28.00;27.00;42.02;51.95;83;213;15835;16265;16071
857;46.25;28.00;27.00;42.02;51.95;83;213;15835;16265;16071
858;46.25;28.00;27.00;42.02;51.95;83;213;15835;16265;16071
859;46.25;28.00;27.00;42.02;51.95;83;213;15835;16265;16071
860;46.25;28.00;27.25;41.61;52.28;83;213;15789;16265;16071
861;46.25;28.00;27.25;41.61;52.28;83;213;15789;16265;16071
862;46.25;28.00;27.25;41.61;52.28;83;213;15789;16265;16071
863;46.25;28.00;27.25;41.61;52.28;83;213;15789;16265;16071
864;46.25;28.00;27.25;41.61;52.28;83;213;15789;16265;16071
865;45.75;28.00;27.25;41.65;52.12;83;213;15789;16265;16071
866;45.75;28.00;27.25;41.65;52.12;84;215;15789;16265;16071
867;45.75;28.00;27.25;41.65;52.12;84;215;15789;16265;16071
868;45.75;28.00;27.25;41.65;52.12;84;215;15789;16265;16071
869;45.75;28.00;27.25;41.65;52.12;84;215;15789;16265;16071
870;45.75;28.50;27.75;41.93;51.94;84;215;15835;16314;16119
871;45.75;28.50;27.75;41.93;51.94;84;215;15835;16314;16119
872;45.75;28.50;27.75;41.93;51.94;84;215;15835;16314;16119
873;45.75;28.50;27.75;41.93;51.94;84;215;15835;16314;16119
874;45.75;28.50;27.75;41.93;51.94;84;215;15835;16314;16119
875;46.75;28.50;27.75;41.92;52.03;84;215;15835;16265;16071
877;46.75;28.50;27.75;41.92;52.03;85;218;15835;16265;16071
878;46.75;28.50;27.75;41.92;52.03;85;218;15835;16265;16071
879;46.75;28.50;27.75;41.92;52.03;85;218;15835;16265;16071
880;46.75;28.50;27.75;41.92;52.03;85;218;15835;16265;16071
881;46.75;28.50;27.75;41.92;52.03;85;218;15835;16265;16071
882;45.75;28.25;27.25;41.80;52.07;85;218;15789;16265;16071
883;45.75;28.25;27.25;41.80;52.07;85;218;15789;16265;16071
884;45.75;28.25;27.25;41.80;52.07;85;218;15789;16265;16071
885;45.75;28.25;27.25;41.80;52.07;85;218;15789;16265;16071
886;45.75;28.25;27.25;41.80;52.07;85;218;15789;16265;16071
887;46.75;28.50;27.50;41.64;52.19;86;221;15789;16265;16071
888;46.75;28.50;27.50;41.64;52.19;86;221;15789;16265;16071
889;46.75;28.50;27.50;41.64;52.19;86;221;15789;16265;16071
890;46.75;28.50;27.50;41.64;52.19;86;221;15789;16265;16071
891;46.75;28.50;27.50;41.64;52.19;86;221;15789;16265;16071
892;46.25;28.25;26.75;41.52;51.99;86;221;15835;16314;16071
893;46.25;28.25;26.75;41.52;51.99;86;221;15835;16314;16071
894;46.25;28.25;26.75;41.52;51.99;86;221;15835;16314;16071
895;46.25;28.25;26.75;41.52;51.99;86;221;15835;16314;16071
896;46.25;28.25;26.75;41.52;51.99;87;223;15835;16314;16071
897;46.25;28.50;27.00;41.87;52.15;87;223;15835;16265;16071
898;46.25;28.50;27.00;41.87;52.15;87;223;15835;16265;16071
899;46.25;28.50;27.00;41.87;52.15;87;223;15835;16265;16071
900;46.25;28.50;27.00;41.87;52.15;87;223;15835;16265;16071
901;46.25;28.50;27.00;41.87;52.15;87;223;15835;16265;16071
902;46.25;28.50;27.00;41.87;52.15;87;223;15835;16265;16071
903;46.25;27.75;27.75;42.04;51.68;87;223;15789;16216;16071
904;46.25;27.75;27.75;42.04;51.68;87;223;15789;16216;16071
905;46.25;27.75;27.75;42.04;51.68;87;223;15789;16216;16071
906;46.25;27.75;27.75;42.04;51.68;88;226;15789;16216;16071
907;46.25;27.75;27.75;42.04;51.68;88;226;15789;16216;16071
908;45.75;28.00;27.50;41.87;52.15;88;226;15835;16265;16071
909;45.75;28.00;27.50;41.87;52.15;88;226;15835;16265;16071
910;45.75;28.00;27.50;41.87;52.15;88;226;15835;16265;16071
911;45.75;28.00;27.50;41.87;52.15;88;226;15835;16265;16071
912;45.75;28.00;27.50;41.87;52.15;88;226;15835;16265;16071
913;46.50;28.25;27.50;41.71;52.06;88;226;15789;16265;16071
914;46.50;28.25;27.50;41.71;52.06;88;226;15789;16265;16071
915;46.50;28.25;27.50;41.71;52.06;88;226;15789;16265;16071
916;46.50;28.25;27.50;41.71;52.06;89;228;15789;16265;16071
917;46.50;28.25;27.50;41.71;52.06;89;228;15789;16265;16071
918;46.50;28.50;27.25;41.76;52.02;89;228;15789;16314;16071
919;46.50;28.50;27.25;41.76;52.02;89;228;15789;16314;16071
920;46.50;28.50;27.25;41.76;52.02;89;228;15789;16314;16071
921;46.50;28.50;27.25;41.76;52.02;89;228;15789;16314;16071
922;46.50;28.50;27.25;41.76;52.02;89;228;15789;16314;16071
924;46.50;28.50;27.25;41.76;52.02;89;228;15789;16314;16071
925;46.50;28.00;27.50;41.86;52.12;89;228;15835;16265;16071
926;46.50;28.00;27.50;41.86;52.12;89;228;15835;16265;16071
927;46.50;28.00;27.50;41.86;52.12;90;231;15835;16265;16071
928;46.50;28.00;27.50;41.86;52.12;90;231;15835;16265;16071
929;46.50;28.00;27.50;41.86;52.12;90;231;15835;16265;16071
930;46.50;28.50;27.50;41.76;51.68;90;231;15835;16265;16023
931;46.50;28.50;27.50;41.76;51.68;90;231;15835;16265;16023
932;46.50;28.50;27.50;41.76;51.68;90;231;15835;16265;16023
933;46.50;28.50;27.50;41.76;51.68;90;231;15835;16265;16023
934;46.50;28.50;27.50;41.76;51.68;90;231;15835;16265;16023
935;46.75;28.00;27.25;41.48;51.79;90;231;15835;16265;16071
936;46.75;28.00;27.25;41.48;51.79;90;231;15835;16265;16071
937;46.75;28.00;27.25;41.48;51.79;90;231;15835;16265;16071
938;46.75;28.00;27.25;41.48;51.79;90;231;15835;16265;16071
939;46.75;28.00;27.25;41.48;51.79;90;231;15835;16265;16071
940;46.50;28.00;27.25;41.94;51.88;90;231;15835;16265;16071
941;46.50;28.00;27.25;41.94;51.88;90;231;15835;16265;16071
942;46.50;28.00;27.25;41.94;51.88;90;231;15835;16265;16071
943;46.50;28.00;27.25;41.94;51.88;90;231;15835;16265;16071
944;46.50;28.00;27.25;41.94;51.88;90;231;15835;16265;16071
945;46.00;27.75;27.25;42.05;52.09;90;231;15835;16265;16071
946;46.00;27.75;27.25;42.05;52.09;90;231;15835;16265;16071
947;46.00;27.75;27.25;42.05;52.09;90;231;15835;16265;16071
948;46.00;27.75;27.25;42.05;52.09;90;231;15835;16265;16071
949;46.00;27.75;27.25;42.05;52.09;90;231;15835;16265;16071
950;46.00;27.75;27.25;42.05;52.09;90;231;15835;16265;16071
951;46.50;28.25;27.50;42.05;52.01;90;231;15835;16314;16071
952;46.50;28.25;27.50;42.05;52.01;90;231;15835;16314;16071
953;46.50;28.25;27.50;42.05;52.01;90;231;15835;16314;16071
954;46.50;28.25;27.50;42.05;52.01;90;231;15835;16314;16071
955;46.50;28.25;27.50;42.05;52.01;90;231;15835;16314;16071
956;46.50;28.00;27.75;41.96;52.06;90;231;15789;16314;16071
957;46.50;28.00;27.75;41.96;52.06;90;231;15789;16314;16071
958;46.50;28.00;27.75;41.96;52.06;90;231;15789;16314;16071
959;46.50;28.00;27.75;41.96;52.06;90;231;15789;16314;16071
960;46.50;28.00;27.75;41.96;52.06;90;231;15789;16314;16071
961;47.00;28.25;27.00;41.87;52.08;90;231;15835;16265;16119
962;47.00;28.25;27.00;41.87;52.08;90;231;15835;16265;16119
963;47.00;28.25;27.00;41.87;52.08;90;231;15835;16265;16119
964;47.00;28.25;27.00;41.87;52.08;90;231;15835;16265;16119
965;47.00;28.25;27.00;41.87;52.08;90;231;15835;16265;16119
966;46.25;28.00;27.50;41.96;51.67;90;231;15835;16265;16071
967;46.25;28.00;27.50;41.96;51.67;90;231;15835;16265;16071
968;46.25;28.00;27.50;41.96;51.67;90;231;15835;16265;16071
970;46.25;28.00;27.50;41.96;51.67;90;231;15835;16265;16071
971;46.25;28.00;27.50;41.96;51.67;90;231;15835;16265;16071
972;46.25;28.00;27.50;41.77;52.25;90;231;15789;16265;16071
973;46.25;28.00;27.50;41.77;52.25;90;231;15789;16265;16071
974;46.25;28.00;27.50;41.77;52.25;90;231;15789;16265;16071
975;46.25;28.00;27.50;41.77;52.25;90;231;15789;16265;16071
976;46.25;28.00;27.50;41.77;52.25;90;231;15789;16265;16071
977;46.25;28.00;27.50;41.77;52.25;90;231;15789;16265;16071
978;46.50;28.00;27.00;42.01;51.72;90;231;15835;16265;16071
979;46.50;28.00;27.00;42.01;51.72;90;231;15835;16265;16071
980;46.50;28.00;27.00;42.01;51.72;90;231;15835;16265;16071
981;46.50;28.00;27.00;42.01;51.72;90;231;15835;16265;16071
982;46.50;28.00;27.00;42.01;51.72;90;231;15835;16265;16071
983;46.00;28.25;27.75;41.77;51.93;90;231;15789;16265;16071
984;46.00;28.25;27.75;41.77;51.93;90;231;15789;16265;16071
985;46.00;28.25;27.75;41.77;51.93;90;231;15789;16265;16071
986;46.00;28.25;27.75;41.77;51.93;90;231;15789;16265;16071
987;46.00;28.25;27.75;41.77;51.93;90;231;15789;16265;16071
988;46.25;28.25;27.25;41.86;51.98;90;231;15835;16265;16119
989;46.25;28.25;27.25;41.86;51.98;90;231;15835;16265;16119
990;46.25;28.25;27.25;41.86;51.98;90;231;15835;16265;16119
991;46.25;28.25;27.25;41.86;51.98;90;231;15835;16265;16119
992;46.25;28.25;27.25;41.86;51.98;90;231;15835;16265;16119
993;46.25;28.25;27.25;41.86;51.98;90;231;15835;16265;16119
994;46.25;27.75;27.00;42.00;51.81;90;231;15789;16265;16071
995;46.25;27.75;27.00;42.00;51.81;90;231;15789;16265;16071
996;46.25;27.75;27.00;42.00;51.81;90;231;15789;16265;16071
997;46.25;27.75;27.00;42.00;51.81;90;231;15789;16265;16071
998;46.25;27.75;27.00;42.00;51.81;90;231;15789;16265;16071
999;46.50;28.25;27.00;41.72;52.14;90;231;15835;16314;16119
1000;46.50;28.25;27.00;41.72;52.14;90;231;15835;16314;16119
1001;46.50;28.25;27.00;41.72;52.14;90;231;15835;16314;16119
1002;46.50;28.25;27.00;41.72;52.14;90;231;15835;16314;16119
1003;46.50;28.25;27.00;41.72;52.14;90;231;15835;16314;16119
1004;46.25;27.75;27.50;41.73;51.85;90;231;15835;16314;16071
1005;46.25;27.75;27.50;41.73;51.85;90;231;15835;16314;16071
1006;46.25;27.75;27.50;41.73;51.85;90;231;15835;16314;16071
1007;46.25;27.75;27.50;41.73;51.85;90;231;15835;16314;16071
1008;46.25;27.75;27.50;41.73;51.85;90;231;15835;16314;16071
1009;46.75;28.00;27.50;41.81;51.85;90;231;15835;16265;16071
1010;46.75;28.00;27.50;41.81;51.85;90;231;15835;16265;16071
1011;46.75;28.00;27.50;41.81;51.85;90;231;15835;16265;16071
1012;46.75;28.00;27.50;41.81;51.85;90;231;15835;16265;16071
1013;46.75;28.00;27.50;41.81;51.85;90;231;15835;16265;16071
1014;46.75;28.00;27.50;41.81;51.85;90;231;15835;16265;16071
1016;46.75;28.25;27.25;41.64;51.97;90;231;15789;16265;16071
1017;46.75;28.25;27.25;41.64;51.97;90;231;15789;16265;16071
1018;46.75;28.25;27.25;41.64;51.97;90;231;15789;16265;16071
1019;46.75;28.25;27.25;41.64;51.97;90;231;15789;16265;16071
1020;46.75;28.25;27.25;41.64;51.97;90;231;15789;16265;16071
1021;46.50;28.00;27.00;41.71;51.95;90;231;15835;16265;16071
1022;46.50;28.00;27.00;41.71;51.95;90;231;15835;16265;16071
1023;46.50;28.00;27.00;41.71;51.95;90;231;15835;16265;16071
1024;46.50;28.00;27.00;41.71;51.95;90;231;15835;16265;16071
1025;46.50;28.00;27.00;41.71;51.95;90;231;15835;16265;16071
1026;46.00;28.50;27.50;41.69;51.82;90;231;15835;16314;16071
1027;46.00;28.50;27.50;41.69;51.82;90;231;15835;16314;16071
1028;46.00;28.50;27.50;41.69;51.82;90;231;15835;16314;16071
1029;46.00;28.50;27.50;41.69;51.82;90;231;15835;16314;16071
1030;46.00;28.50;27.50;41.69;51.82;90;231;15835;16314;16071
1031;46.00;28.00;27.25;41.81;52.09;90;231;15789;16314;16071
1032;46.00;28.00;27.25;41.81;52.09;90;231;15789;16314;16071
1033;46.00;28.00;27.25;41.81;52.09;90;231;15789;16314;16071
1034;46.00;28.00;27.25;41.81;52.09;90;231;15789;16314;16071
1035;46.00;28.00;27.25;41.81;52.09;90;231;15789;16314;16071
1036;46.25;28.00;27.75;41.81;52.09;90;231;15789;16314;16071
1037;46.25;28.00;27.75;42.11;52.14;90;231;15835;16265;16071
1038;46.25;28.00;27.75;42.11;52.14;90;231;15835;16265;16071
1039;46.25;28.00;27.75;42.11;52.14;90;231;15835;16265;16071
1040;46.25;28.00;27.75;42.11;52.14;90;231;15835;16265;16071
1041;46.25;28.00;27.75;42.11;52.14;90;231;15835;16265;16071
1042;46.75;28.00;26.75;41.94;52.10;90;231;15835;16265;16071
1043;46.75;28.00;26.75;41.94;52.10;90;231;15835;16265;16071
1044;46.75;28.00;26.75;41.94;52.10;90;231;15835;16265;16071
1045;46.75;28.00;26.75;41.94;52.10;90;231;15835;16265;16071
1046;46.75;28.00;26.75;41.94;52.10;90;231;15835;16265;16071
1047;46.75;28.00;27.50;41.94;52.22;90;231;15789;16314;16119
1048;46.75;28.00;27.50;41.94;52.22;90;231;15789;16314;16119
1049;46.75;28.00;27.50;41.94;52.22;90;231;15789;16314;16119
1050;46.75;28.00;27.50;41.94;52.22;90;231;15789;16314;16119
1051;46.75;28.00;27.50;41.94;52.22;90;231;15789;16314;16119
1052;47.00;27.75;27.50;41.80;52.03;90;231;15835;16314;16119
1053;47.00;27.75;27.50;41.80;52.03;90;231;15835;16314;16119
1054;47.00;27.75;27.50;41.80;52.03;90;231;15835;16314;16119
1055;47.00;27.75;27.50;41.80;52.03;90;231;15835;16314;16119
1056;47.00;27.75;27.50;41.80;52.03;90;231;15835;16314;16119
1057;46.00;28.25;27.25;41.78;52.12;90;231;15789;16265;16071
1058;46.00;28.25;27.25;41.78;52.12;90;231;15789;16265;16071
1059;46.00;28.25;27.25;41.78;52.12;90;231;15789;16265;16071
1060;46.00;28.25;27.25;41.78;52.12;90;231;15789;16265;16071
1062;46.00;28.25;27.25;41.78;52.12;90;231;15789;16265;16071
1063;46.00;28.25;27.25;41.78;52.12;90;231;15789;16265;16071
1064;46.75;28.25;27.00;42.01;51.77;90;231;15835;16265;16071
1065;46.75;28.25;27.00;42.01;51.77;90;231;15835;16265;16071
1066;46.75;28.25;27.00;42.01;51.77;90;231;15835;16265;16071
1067;46.75;28.25;27.00;42.01;51.77;90;231;15835;16265;16071
1068;46.75;28.25;27.00;42.01;51.77;90;231;15835;16265;16071
1069;46.25;28.25;28.00;41.66;52.03;90;231;15789;16265;16071
1070;46.25;28.25;28.00;41.66;52.03;90;231;15789;16265;16071
1071;46.25;28.25;28.00;41.66;52.03;90;231;15789;16265;16071
1072;46.25;28.25;28.00;41.66;52.03;90;231;15789;16265;16071
1073;46.25;28.25;28.00;41.66;52.03;90;231;15789;16265;16071
1074;46.25;28.00;27.75;41.66;52.03;90;231;15789;16265;16071
1075;46.25;28.00;27.75;41.84;52.17;90;231;15789;16314;16071
1076;46.25;28.00;27.75;41.84;52.17;90;231;15789;16314;16071
1077;46.25;28.00;27.75;41.84;52.17;90;231;15789;16314;16071
1078;46.25;28.00;27.75;41.84;52.17;90;231;15789;16314;16071
1079;46.25;28.00;27.75;41.84;52.17;90;231;15789;16314;16071
1080;46.25;28.25;27.25;42.14;51.99;90;231;15835;16265;16071
1081;46.25;28.25;27.25;42.14;51.99;90;231;15835;16265;16071
1082;46.25;28.25;27.25;42.14;51.99;90;231;15835;16265;16071
1083;46.25;28.25;27.25;42.14;51.99;90;231;15835;16265;16071
1084;46.25;28.25;27.25;42.14;51.99;90;231;15835;16265;16071
1085;46.50;28.00;27.50;41.76;52.02;90;231;15835;16314;16071
1086;46.50;28.00;27.50;41.76;52.02;90;231;15835;16314;16071
1087;46.50;28.00;27.50;41.76;52.02;90;231;15835;16314;16071
1088;46.50;28.00;27.50;41.76;52.02;90;231;15835;16314;16071
1089;46.50;28.00;27.50;41.76;52.02;90;231;15835;16314;16071
1090;45.75;28.00;27.25;41.80;52.21;90;231;15789;16265;16071
1091;45.75;28.00;27.25;41.80;52.21;90;231;15789;16265;16071
1092;45.75;28.00;27.25;41.80;52.21;90;231;15789;16265;16071
1093;45.75;28.00;27.25;41.80;52.21;90;231;15789;16265;16071
1094;45.75;28.00;27.25;41.80;52.21;90;231;15789;16265;16071
1095;46.75;28.25;27.00;41.86;51.89;90;231;15835;16216;16071
1096;46.75;28.25;27.00;41.86;51.89;90;231;15835;16216;16071
1097;46.75;28.25;27.00;41.86;51.89;90;231;15835;16216;16071
1098;46.75;28.25;27.00;41.86;51.89;90;231;15835;16216;16071
1099;46.75;28.25;27.00;41.86;51.89;90;231;15835;16216;16071
1100;46.75;28.25;27.00;41.86;51.89;90;231;15835;16216;16071
1101;45.75;28.00;27.00;41.84;52.26;90;231;15789;16216;16071
1102;45.75;28.00;27.00;41.84;52.26;90;231;15789;16216;16071
1103;45.75;28.00;27.00;41.84;52.26;90;231;15789;16216;16071
1104;45.75;28.00;27.00;41.84;52.26;90;231;15789;16216;16071
1105;45.75;28.00;27.00;41.84;52.26;90;231;15789;16216;16071
1106;46.50;28.25;27.00;41.63;51.95;90;231;15789;16265;16071
1107;46.50;28.25;27.00;41.63;51.95;90;231;15789;16265;16071
1108;46.50;28.25;27.00;41.63;51.95;90;231;15789;16265;16071
1110;46.50;28.25;27.00;41.63;51.95;90;231;15789;16265;16071
1111;46.50;28.25;27.00;41.63;51.95;90;231;15789;16265;16071
1112;46.50;28.00;26.75;42.00;52.04;90;231;15835;16265;16071
1113;46.50;28.00;26.75;42.00;52.04;90;231;15835;16265;16071
1114;46.50;28.00;26.75;42.00;52.04;90;231;15835;16265;16071
1115;46.50;28.00;26.75;42.00;52.04;90;231;15835;16265;16071
1116;46.50;28.00;26.75;42.00;52.04;90;231;15835;16265;16071
1117;46.75;28.25;27.25;41.83;52.03;90;231;15789;16314;16071
1118;46.75;28.25;27.25;41.83;52.03;90;231;15789;16314;16071
1119;46.75;28.25;27.25;41.83;52.03;90;231;15789;16314;16071
1120;46.75;28.25;27.25;41.83;52.03;90;231;15789;16314;16071
1121;46.75;28.25;27.25;41.83;52.03;90;231;15789;16314;16071
1122;46.25;28.25;27.25;41.57;52.26;90;231;15789;16314;16071
1123;46.25;28.25;27.25;41.57;52.26;90;231;15789;16314;16071
1124;46.25;28.25;27.25;41.57;52.26;90;231;15789;16314;16071
1125;46.25;28.25;27.25;41.57;52.26;90;231;15789;16314;16071
1126;46.25;28.25;27.25;41.57;52.26;90;231;15789;16314;16071
1127;46.25;28.25;27.25;41.57;52.26;90;231;15789;16314;16071
1128;46.25;28.25;27.50;41.85;51.81;90;231;15835;16265;16071
1129;46.25;28.25;27.50;41.85;51.81;90;231;15835;16265;16071
1130;46.25;28.25;27.50;41.85;51.81;90;231;15835;16265;16071
1131;46.25;28.25;27.50;41.85;51.81;90;231;15835;16265;16071
1132;46.25;28.25;27.50;41.85;51.81;90;231;15835;16265;16071
1133;46.25;28.50;27.50;41.57;52.20;90;231;15835;16265;16071
1134;46.25;28.50;27.50;41.57;52.20;90;231;15835;16265;16071
1135;46.25;28.50;27.50;41.57;52.20;90;231;15835;16265;16071
1136;46.25;28.50;27.50;41.57;52.20;90;231;15835;16265;16071
1137;46.25;28.50;27.50;41.57;52.20;90;231;15835;16265;16071
1138;46.25;28.25;27.50;41.74;51.86;90;231;15835;16265;16071
1139;46.25;28.25;27.50;41.74;51.86;90;231;15835;16265;16071
1140;46.25;28.25;27.50;41.74;51.86;90;231;15835;16265;16071
1141;46.25;28.25;27.50;41.74;51.86;90;231;15835;16265;16071
